{
    "name": "Softwire",
    "version": "2.0.10",
    "description": "SoftWire is a software I2C implementation for Arduino and other Wiring-type environments.",
    "keywords": "I2C",
    "repository": {
        "type": "git",
        "url": "https://github.com/stevemarple/SoftWire"
    },
    "license": "LGPL-2.1-or-later",
    "frameworks": "Arduino",
    "platforms": "*",
    "dependencies": [
        {
            "owner": "stevemarple",
            "name": "AsyncDelay",
            "version": "^1.1.2"
        }
    ]
}